Job Title,Salary Estimate,Rating,Company Name,Location,Size,Founded,Type of ownership,Industry,Sector,Revenue
Data Scientist,$115K - $138K (Glassdoor est.),3.1,"Olympus Corporation of the Americas
3.1","Westborough, MA",10000+ Employees,1919,Company - Public,Health Care Products Manufacturing,Manufacturing,$10+ billion (USD)
Senior Data Scientist,-1,4.2,"Fidelity Investments
4.2","Boston, MA",10000+ Employees,1946,Company - Private,Investment Banking & Asset Management,Finance,$10+ billion (USD)
"Scientist, DMPK BA and MDC",$75K - $138K (Glassdoor est.),4.2,"Eisai
4.2","Cambridge, MA",201 to 500 Employees,Company - Private,Biotech & Pharmaceuticals,Biotech & Pharmaceuticals,Unknown / Non-Applicable,-1
Staff Data Scientist,$96K - $170K (Glassdoor est.),3.5,"Alteryx, Inc.
3.5","Boston, MA",1001 to 5000 Employees,1997,Company - Public,Enterprise Software & Network Solutions,Information Technology,$100 to $500 million (USD)
"Virology scientist (Rochester, MN)",-1,-1,Imanis Life Sciences,Massachusetts,-1,-1,-1,-1,-1,-1
Sr. Data Science Architect,$103K - $179K (Glassdoor est.),2.6,"Agilon Health
2.6","Boston, MA",201 to 500 Employees,2016,Company - Public,Unknown / Non-Applicable,-1,-1
AI/ML Data Engineer,$69K - $112K (Glassdoor est.),4.9,"MORSE Corp
4.9","Cambridge, MA",51 to 200 Employees,2014,Company - Private,Aerospace & Defense,Aerospace & Defense,Unknown / Non-Applicable
Experienced Data Engineer,$71K - $122K (Glassdoor est.),3.8,"Liberty Mutual Insurance
3.8","Boston, MA",10000+ Employees,1912,Company - Private,Insurance Carriers,Insurance,$10+ billion (USD)
Senior Data Scientist,$98K - $181K (Glassdoor est.),3.3,"RUE GILT GROUPE
3.3","Boston, MA",501 to 1000 Employees,Company - Private,"Department, Clothing, & Shoe Stores",Retail,Unknown / Non-Applicable,-1
Data Scientist,$65K - $113K (Glassdoor est.),3.1,"Olympus Corporation of the Americas
3.1","Westborough, MA",10000+ Employees,1919,Company - Public,Health Care Products Manufacturing,Manufacturing,$10+ billion (USD)
Computer Vision / Machine Learning Engineer,$60K - $115K (Glassdoor est.),3.9,"Leidos
3.9","Tewksbury, MA",10000+ Employees,1969,Company - Public,Aerospace & Defense,Aerospace & Defense,$10+ billion (USD)
Scientist/Senior Scientist - X-ray Crystallography,$71K - $146K (Glassdoor est.),-1,"Xtal BioStructures, Inc.","Natick, MA",-1,-1,-1,-1,-1,-1
"Development Scientist, Next Generation Sequencing",$55K - $98K (Glassdoor est.),4.9,"New England Biolabs, Inc.
4.9","Ipswich, MA",201 to 500 Employees,1974,Company - Private,Biotech & Pharmaceuticals,Biotech & Pharmaceuticals,Unknown / Non-Applicable
"Principal Scientist / Director, Immunology",$102K - $202K (Glassdoor est.),5.0,"HotSpot Therapeutics
5.0","Boston, MA",Unknown,Company - Public,Unknown / Non-Applicable,-1,-1,-1
Data Scientist (Financial Transactions),$75K - $121K (Glassdoor est.),3.9,"Jack Henry and Associates, Inc.
3.9","Braintree, MA",5001 to 10000 Employees,1976,Company - Public,Banks & Credit Unions,Finance,$1 to $2 billion (USD)
Data Engineer - Data and Analytics,$68K - $118K (Glassdoor est.),3.1,"TriMark USA
3.1","Mansfield, MA",1001 to 5000 Employees,Company - Private,Wholesale,Business Services,$1 to $2 billion (USD),-1
Finance & Healthcare Analytics Manager,$57K - $114K (Glassdoor est.),3.8,"Reliant Medical Group, Inc
3.8","Worcester, MA",Unknown,1929,Unknown,Health Care Services & Hospitals,Health Care,Unknown / Non-Applicable
"Purification Scientist, Downstream Protein Manufacturing",$59K - $108K (Glassdoor est.),4.9,"New England Biolabs, Inc.
4.9","Ipswich, MA",201 to 500 Employees,1974,Company - Private,Biotech & Pharmaceuticals,Biotech & Pharmaceuticals,Unknown / Non-Applicable
Principal Scientist,$120K - $166K (Glassdoor est.),-1,Myeloid Therapeutics,"Cambridge, MA",-1,-1,-1,-1,-1,-1
Data Engineer,$68K - $135K (Glassdoor est.),-1,Titan Advanced Energy Solutions,"Salem, MA",-1,-1,-1,-1,-1,-1
Lead Wetland Scientist,$41K - $84K (Glassdoor est.),3.7,"SWCA Environmental Consultants
3.7","Westborough, MA",501 to 1000 Employees,1981,Company - Private,Consulting,Business Services,$100 to $500 million (USD)
"Vice President, Data Science Practice Lead",$134K - $221K (Glassdoor est.),4.2,"Fidelity Investments
4.2","Boston, MA",10000+ Employees,1946,Company - Private,Investment Banking & Asset Management,Finance,$10+ billion (USD)
"Senior Scientist, Protein Science",$56K - $104K (Glassdoor est.),3.2,"Quanterix
3.2","Billerica, MA",201 to 500 Employees,2007,Company - Public,Biotech & Pharmaceuticals,Biotech & Pharmaceuticals,$50 to $100 million (USD)
"Development Scientist I/II, Amplification",$61K - $109K (Glassdoor est.),4.9,"New England Biolabs, Inc.
4.9","Ipswich, MA",201 to 500 Employees,1974,Company - Private,Biotech & Pharmaceuticals,Biotech & Pharmaceuticals,Unknown / Non-Applicable
Senior Clinical Scientist,-1,-1,Allena Pharmaceuticals,"Newton, MA",-1,-1,-1,-1,-1,-1
"SCIENTIST - LC , CE , ELISA , BIOLOGICS",$64K - $127K (Glassdoor est.),4.0,"PPD
4.0","Devens, MA",10000+ Employees,1985,Company - Public,Biotech & Pharmaceuticals,Biotech & Pharmaceuticals,$2 to $5 billion (USD)
Pre-formulation Scientist,$53K - $99K (Glassdoor est.),3.1,"Evelo Biosciences
3.1","Cambridge, MA",1 to 50 Employees,Company - Public,Less than $1 million (USD),-1,-1,-1
SCIENTIST - GMP - QUALITY CONTROL - HPLC - ELISA,$46K - $82K (Glassdoor est.),4.0,"PPD
4.0","Worcester, MA",10000+ Employees,1985,Company - Public,Biotech & Pharmaceuticals,Biotech & Pharmaceuticals,$2 to $5 billion (USD)
Cardiologist Physician Scientist,$94K - $188K (Glassdoor est.),4.2,"Novartis
4.2","Cambridge, MA",10000+ Employees,1996,Company - Public,Biotech & Pharmaceuticals,Biotech & Pharmaceuticals,$10+ billion (USD)
Histology Scientist,$53K - $117K (Glassdoor est.),-1,NovoVita Histopath Laboratory,"Boston, MA",-1,-1,-1,-1,-1,-1
R&D Scientist,-1,-1,Metalor Technologies USA,"Attleboro, MA",-1,-1,-1,-1,-1,-1
Histology Scientist,$53K - $117K (Glassdoor est.),-1,NovoVita Histopath Laboratory,"Boston, MA",-1,-1,-1,-1,-1,-1
In Vitro Scientist,-1,-1,Biomere,"Worcester, MA",-1,-1,-1,-1,-1,-1
Research Scientist,$73K - $148K (Glassdoor est.),3.9,"Leidos
3.9","Tewksbury, MA",10000+ Employees,1969,Company - Public,Aerospace & Defense,Aerospace & Defense,$10+ billion (USD)
Clinical Research Scientist,$35K - $67K (Glassdoor est.),3.3,"Lyra Therapeutics, Inc.
3.3","Watertown, MA",1 to 50 Employees,Company - Public,Unknown / Non-Applicable,-1,-1,-1
Battery Management Systems (BMS) Scientist,$66K - $134K (Glassdoor est.),3.8,"SolidEnergy Systems
3.8","Woburn, MA",1 to 50 Employees,Company - Private,$1 to $5 million (USD),-1,-1,-1
Senior Research Associate/Associate Scientist - Genetic Diseases,-1,-1,Scismic,"Cambridge, MA",-1,-1,-1,-1,-1,-1
"Director II, Office of Data Science",$116K - $199K (Glassdoor est.),3.8,"Liberty Mutual Insurance
3.8","Boston, MA",10000+ Employees,1912,Company - Private,Insurance Carriers,Insurance,$10+ billion (USD)
"Scientist/Senior Scientist, Cell Culture Process Development",-1,-1,Cue Biopharma,"Cambridge, MA",-1,-1,-1,-1,-1,-1
"Principal Scientist, PK Sciences Oncology",$84K - $168K (Glassdoor est.),4.2,"Novartis
4.2","Cambridge, MA",10000+ Employees,1996,Company - Public,Biotech & Pharmaceuticals,Biotech & Pharmaceuticals,$10+ billion (USD)
Quality Improvement Data Analyst - Nutrition,$48K - $96K (Glassdoor est.),4.1,"Boston Children's Hospital
4.1","Boston, MA",5001 to 10000 Employees,1869,Nonprofit Organization,Health Care Services & Hospitals,Health Care,$500 million to $1 billion (USD)
Scientist/ Manager – Process Analytics,$82K - $162K (Glassdoor est.),3.1,"Evelo Biosciences
3.1","Cambridge, MA",1 to 50 Employees,Company - Public,Less than $1 million (USD),-1,-1,-1
Senior X-Ray Scientist,$78K - $146K (Glassdoor est.),3.9,"Leidos
3.9","Tewksbury, MA",10000+ Employees,1969,Company - Public,Aerospace & Defense,Aerospace & Defense,$10+ billion (USD)
Scientist I/Postdoctoral Scientist,$64K - $132K (Glassdoor est.),-1,"Biomodels, LLC","Waltham, MA",-1,-1,-1,-1,-1,-1
Scientist I/II Upstream/Downstream PD [JC-1463],$67K - $128K (Glassdoor est.),2.3,"LakePharma, Inc.
2.3","Hopkinton, MA",201 to 500 Employees,2009,Company - Private,Biotech & Pharmaceuticals,Biotech & Pharmaceuticals,$25 to $50 million (USD)
Sr. Research Scientist,$68K - $137K (Glassdoor est.),3.5,"Associates of Cape Cod, Inc.
3.5","East Falmouth, MA",51 to 200 Employees,Company - Private,Health Care Services & Hospitals,Health Care,$10 to $25 million (USD),-1
"Assistant Director/Director, Data Science",$94K - $157K (Glassdoor est.),3.8,"Liberty Mutual Insurance
3.8","Boston, MA",10000+ Employees,1912,Company - Private,Insurance Carriers,Insurance,$10+ billion (USD)
Sr. Scientist/Scientist Computational Chemistry,$72K - $141K (Glassdoor est.),5.0,"HotSpot Therapeutics
5.0","Boston, MA",Unknown,Company - Public,Unknown / Non-Applicable,-1,-1,-1
Business Intelligence Analyst,$57K - $100K (Glassdoor est.),3.1,"MAPFRE
3.1","Webster, MA",1001 to 5000 Employees,1972,Subsidiary or Business Segment,Insurance Carriers,Insurance,$1 to $2 billion (USD)
Reagent Scientist,$55K - $113K (Glassdoor est.),3.8,"Akoya Biosciences
3.8","Marlborough, MA",51 to 200 Employees,Company - Public,Biotech & Pharmaceuticals,Biotech & Pharmaceuticals,Unknown / Non-Applicable,-1
"Data Scientist, Population Health",$71K - $131K (Glassdoor est.),-1,Health Data Analytics Institute,"Dedham, MA",-1,-1,-1,-1,-1,-1
Data Analytics Manager - Global Business Services,$48K - $100K (Glassdoor est.),3.7,"The TJX Companies, Inc.
3.7","Marlborough, MA",10000+ Employees,1976,Company - Public,"Department, Clothing, & Shoe Stores",Retail,$10+ billion (USD)
Associate Scientist/Scientist/senior scientist - protein purification,$51K - $108K (Glassdoor est.),-1,"Boston Institute of Biotechnology, LLC","Southborough, MA",-1,-1,-1,-1,-1,-1
Data Engineer,$67K - $136K (Glassdoor est.),3.0,"Atlantic Broadband
3.0","Quincy, MA",501 to 1000 Employees,Company - Public,Internet,Information Technology,$100 to $500 million (USD),-1
Senior Data Engineer,$88K - $149K (Glassdoor est.),2.8,"Athenahealth
2.8","Watertown, MA",5001 to 10000 Employees,1984,Company - Private,Health Care Services & Hospitals,Health Care,$1 to $5 million (USD)
Data Modeler,$66K - $128K (Glassdoor est.),3.8,"Liberty Mutual Insurance
3.8","Boston, MA",10000+ Employees,1912,Company - Private,Insurance Carriers,Insurance,$10+ billion (USD)
Product Data Analyst,$56K - $108K (Glassdoor est.),3.1,"MAPFRE
3.1","Webster, MA",1001 to 5000 Employees,1972,Subsidiary or Business Segment,Insurance Carriers,Insurance,$1 to $2 billion (USD)
Data Modeler (Data Vault),$66K - $127K (Glassdoor est.),3.8,"Liberty Mutual Insurance
3.8","Boston, MA",10000+ Employees,1912,Company - Private,Insurance Carriers,Insurance,$10+ billion (USD)
Compliance Data Analyst,$41K - $79K (Glassdoor est.),3.1,"Center for Human Development
3.1","Springfield, MA",1001 to 5000 Employees,1972,Nonprofit Organization,Social Assistance,Non-Profit,$50 to $100 million (USD)
Postdoctoral Scientist – Battery Technology and Materials,$59K - $116K (Glassdoor est.),3.4,"Cabot Corporation
3.4","Billerica, MA",1001 to 5000 Employees,1882,Company - Public,Chemical Manufacturing,Manufacturing,$2 to $5 billion (USD)
Data Engineer II,$59K - $102K (Glassdoor est.),3.1,"Olympus Corporation of the Americas
3.1","Westborough, MA",10000+ Employees,1919,Company - Public,Health Care Products Manufacturing,Manufacturing,$10+ billion (USD)
Computational Biologist / Data Scientist,$59K - $129K (Glassdoor est.),4.2,"Novartis
4.2","Cambridge, MA",10000+ Employees,1996,Company - Public,Biotech & Pharmaceuticals,Biotech & Pharmaceuticals,$10+ billion (USD)
Research Scientist / Senior Research Scientist,-1,-1,PCI Seqens,"Devens, MA",-1,-1,-1,-1,-1,-1
Director II - Data Science at Solaria Labs,$116K - $199K (Glassdoor est.),3.8,"Liberty Mutual Insurance
3.8","Boston, MA",10000+ Employees,1912,Company - Private,Insurance Carriers,Insurance,$10+ billion (USD)
Strategic Alliance Scientist,$78K - $170K (Glassdoor est.),3.8,"Akoya Biosciences
3.8","Boston, MA",51 to 200 Employees,Company - Public,Biotech & Pharmaceuticals,Biotech & Pharmaceuticals,Unknown / Non-Applicable,-1
"Director II, Data Science",$103K - $172K (Glassdoor est.),3.8,"Liberty Mutual Insurance
3.8","Boston, MA",10000+ Employees,1912,Company - Private,Insurance Carriers,Insurance,$10+ billion (USD)
"Scientist, QC Flow Cytometry",$51K - $92K (Glassdoor est.),4.1,"Bristol Myers Squibb
4.1","Devens, MA",10000+ Employees,1858,Company - Public,Biotech & Pharmaceuticals,Biotech & Pharmaceuticals,$10+ billion (USD)
Data Engineer,-1,-1,Decision Point Healthcare Solutins LLC,"Boston, MA",-1,-1,-1,-1,-1,-1
Principal/Senior Data Engineer - Finance,$100K - $161K (Glassdoor est.),3.8,"Liberty Mutual Insurance
3.8","Boston, MA",10000+ Employees,1912,Company - Private,Insurance Carriers,Insurance,$10+ billion (USD)
Scientist,$58K - $115K (Glassdoor est.),3.4,"Absorption Systems
3.4","Medford, MA",51 to 200 Employees,1996,Company - Public,Biotech & Pharmaceuticals,Biotech & Pharmaceuticals,Unknown / Non-Applicable
Data Analyst,$43K - $73K (Glassdoor est.),4.8,"Raybeam, Inc.
4.8","Newburyport, MA",51 to 200 Employees,1997,Company - Private,Consulting,Business Services,Unknown / Non-Applicable
Data Scientist,-1,5.0,"Aquesst
5.0","Boston, MA",51 to 200 Employees,2010,Company - Private,Staffing & Outsourcing,Business Services,$5 to $10 million (USD)
Data Scientist,$77K - $135K (Glassdoor est.),4.0,"Sanofi
4.0","Cambridge, MA",10000+ Employees,1973,Company - Public,Biotech & Pharmaceuticals,Biotech & Pharmaceuticals,$10+ billion (USD)
Data Scientist,$82K - $143K (Glassdoor est.),3.9,"Analog Devices
3.9","Wilmington, MA",10000+ Employees,1965,Company - Public,Electrical & Electronic Manufacturing,Manufacturing,$5 to $10 billion (USD)
Principal Data Science (Web/Digital Analytics),$102K - $185K (Glassdoor est.),3.9,"Discover
3.9","Wakefield, MA",1001 to 5000 Employees,1985,Company - Public,Banks & Credit Unions,Finance,$25 to $50 million (USD)
Data Engineer,$76K - $148K (Glassdoor est.),4.8,"Sense
4.8","Cambridge, MA",1 to 50 Employees,2013,Company - Private,Computer Hardware & Software,Information Technology,Unknown / Non-Applicable
"Scientist, Workflow Development Group (MA)",$66K - $132K (Glassdoor est.),3.8,"Akoya Biosciences
3.8","Marlborough, MA",51 to 200 Employees,Company - Public,Biotech & Pharmaceuticals,Biotech & Pharmaceuticals,Unknown / Non-Applicable,-1
Data Scientist,-1,5.0,"EQRx
5.0","Cambridge, MA",51 to 200 Employees,2019,Company - Private,Biotech & Pharmaceuticals,Biotech & Pharmaceuticals,Unknown / Non-Applicable
Data Scientist,$76K - $123K (Glassdoor est.),3.7,"John Hancock
3.7","Boston, MA",1001 to 5000 Employees,1862,Subsidiary or Business Segment,Insurance Carriers,Insurance,$50 to $100 million (USD)
Data Scientist,$76K - $136K (Glassdoor est.),3.9,"McGraw Hill
3.9","Boston, MA",1001 to 5000 Employees,1888,Company - Private,Education Training Services,Education,$1 to $2 billion (USD)
Data Scientist,$77K - $130K (Glassdoor est.),4.3,"Zifo RnD Solutions
4.3","Cambridge, MA",501 to 1000 Employees,2008,Company - Private,Biotech & Pharmaceuticals,Biotech & Pharmaceuticals,$25 to $50 million (USD)
Machine Learning Engineer,$94K - $155K (Glassdoor est.),4.1,"Capital One
4.1","Cambridge, MA",10000+ Employees,1994,Company - Public,Banks & Credit Unions,Finance,$10+ billion (USD)
Data Scientist - Machine Learning/Cortex Data Science,$104K - $174K (Glassdoor est.),4.2,"Twitter
4.2","Boston, MA",1001 to 5000 Employees,2006,Company - Public,Internet,Information Technology,$2 to $5 billion (USD)
Data Scientist,$87K - $142K (Glassdoor est.),3.4,"Abiomed
3.4","Danvers, MA",1001 to 5000 Employees,1981,Company - Public,Biotech & Pharmaceuticals,Biotech & Pharmaceuticals,$100 to $500 million (USD)
Data Scientist,$77K - $139K (Glassdoor est.),2.8,"Vectra
2.8","Boston, MA",51 to 200 Employees,Company - Private,Accounting,Accounting & Legal,$50 to $100 million (USD),-1
"Data Scientist, Research & Development",$71K - $125K (Glassdoor est.),4.6,"Comlinkdata
4.6","Boston, MA",51 to 200 Employees,2010,Company - Private,Consulting,Business Services,Unknown / Non-Applicable
Data Scientist,$97K - $162K (Glassdoor est.),4.0,"Amgen
4.0","Cambridge, MA",10000+ Employees,1980,Company - Public,Biotech & Pharmaceuticals,Biotech & Pharmaceuticals,$10+ billion (USD)
Data Scientist,$78K - $135K (Glassdoor est.),2.8,"Steward Health Care Network
2.8","Needham, MA",10000+ Employees,Hospital,Health Care Services & Hospitals,Health Care,$1 to $2 billion (USD),-1
Data Scientist,$64K - $111K (Glassdoor est.),4.6,"OM1
4.6","Boston, MA",1 to 50 Employees,2015,Company - Private,Health Care Services & Hospitals,Health Care,Unknown / Non-Applicable
Data Scientist,$72K - $122K (Glassdoor est.),-1,Jerry,"Boston, MA",51 to 200 Employees,Company - Private,Unknown / Non-Applicable,-1,-1,-1
Data Scientist,$72K - $126K (Glassdoor est.),3.8,"Thermo Fisher Scientific
3.8","Boston, MA",10000+ Employees,1902,Company - Public,Biotech & Pharmaceuticals,Biotech & Pharmaceuticals,$10+ billion (USD)
Data Scientist,-1,-1,"Thermo Fisher Scientific
3.8","Boston, MA",10000+ Employees,1902,Company - Public,Biotech & Pharmaceuticals,Biotech & Pharmaceuticals,$10+ billion (USD)
Data Scientist,$78K - $135K (Glassdoor est.),2.8,"Steward Health Care Network
2.8","Needham, MA",10000+ Employees,Hospital,Health Care Services & Hospitals,Health Care,$1 to $2 billion (USD),-1
Data Scientist,$72K - $122K (Glassdoor est.),-1,Jerry,"Boston, MA",51 to 200 Employees,Company - Private,Unknown / Non-Applicable,-1,-1,-1
Sr. Data Scientist,-1,3.7,"Robert Half
3.7","Boston, MA",10000+ Employees,1948,Company - Public,Staffing & Outsourcing,Business Services,$2 to $5 billion (USD)
Clinical Research Scientist,-1,-1,Lyra Therapeutics,"Watertown, MA",-1,-1,-1,-1,-1,-1
Data Scientist,$70K - $123K (Glassdoor est.),4.3,"Panjiva
4.3","Cambridge, MA",1 to 50 Employees,2006,Company - Private,Internet,Information Technology,$1 to $5 million (USD)
Lead Data Scientist,$92K - $160K (Glassdoor est.),3.9,"Putnam Investments
3.9","Boston, MA",1001 to 5000 Employees,1937,Subsidiary or Business Segment,Investment Banking & Asset Management,Finance,$100 to $500 million (USD)
Data Scientist,$78K - $153K (Glassdoor est.),4.6,"Nexamp
4.6","Boston, MA",51 to 200 Employees,2007,Company - Private,Energy,"Oil, Gas, Energy & Utilities",$50 to $100 million (USD)
Process Engineer/Scientist,$81K - $134K (Glassdoor est.),4.1,"Bristol Myers Squibb
4.1","Devens, MA",10000+ Employees,1858,Company - Public,Biotech & Pharmaceuticals,Biotech & Pharmaceuticals,$10+ billion (USD)
Data Scientist,$70K - $132K (Glassdoor est.),5.0,"Bilin Technology
5.0","Boston, MA",1 to 50 Employees,Company - Private,Unknown / Non-Applicable,-1,-1,-1
Data Scientist,$83K - $153K (Glassdoor est.),3.5,"WorkFusion
3.5","Boston, MA",201 to 500 Employees,2010,Company - Private,Enterprise Software & Network Solutions,Information Technology,Unknown / Non-Applicable
Data Scientist,$93K - $159K (Glassdoor est.),3.8,"Amazon Dev Center U.S., Inc.
3.8","Boston, MA",10000+ Employees,1994,Company - Public,Internet,Information Technology,$10+ billion (USD)
Machine Learning Scientist,-1,4.9,"Lightmatter
4.9","Boston, MA",1 to 50 Employees,Company - Private,Unknown / Non-Applicable,-1,-1,-1
Data Scientist,$67K - $135K (Glassdoor est.),4.7,"Berg Health
4.7","Framingham, MA",51 to 200 Employees,2006,Company - Private,Biotech & Pharmaceuticals,Biotech & Pharmaceuticals,$1 to $5 million (USD)
Data Scientist,$78K - $133K (Glassdoor est.),3.1,"CVS Health
3.1","Wellesley, MA",10000+ Employees,1963,Company - Public,Health Care Services & Hospitals,Health Care,$10+ billion (USD)
Data Scientist,$83K - $147K (Glassdoor est.),-1,Einblick,"Boston, MA",-1,-1,-1,-1,-1,-1
Analytic Associate Scientist,$51K - $98K (Glassdoor est.),-1,"BioAnalytix, Inc.","Cambridge, MA",-1,-1,-1,-1,-1,-1
Scientist,$72K - $138K (Glassdoor est.),4.1,"Bristol Myers Squibb
4.1","Devens, MA",10000+ Employees,1858,Company - Public,Biotech & Pharmaceuticals,Biotech & Pharmaceuticals,$10+ billion (USD)
Data Scientist,$84K - $157K (Glassdoor est.),4.2,"Slalom LLC.
4.2","Boston, MA",5001 to 10000 Employees,2001,Company - Private,Consulting,Business Services,$2 to $5 billion (USD)
Data Scientist,$80K - $135K (Glassdoor est.),4.2,"Lyndra Therapeutics
4.2","Watertown, MA",1 to 50 Employees,Company - Private,Biotech & Pharmaceuticals,Biotech & Pharmaceuticals,Unknown / Non-Applicable,-1
Data Scientist,$70K - $126K (Glassdoor est.),3.9,"MassMutual
3.9","Boston, MA",5001 to 10000 Employees,1851,Company - Private,Insurance Carriers,Insurance,$10+ billion (USD)
"Analyst II/Assistant Director, Data Science",$85K - $143K (Glassdoor est.),3.8,"Liberty Mutual Insurance
3.8","Boston, MA",10000+ Employees,1912,Company - Private,Insurance Carriers,Insurance,$10+ billion (USD)
"Data Scientist, Portfolio & Data Insights",$72K - $151K (Glassdoor est.),3.2,"Indigo
3.2","Boston, MA",1001 to 5000 Employees,2013,Company - Private,Farm Support Services,Agriculture & Forestry,$25 to $50 million (USD)
Data Scientist,-1,4.0,"Pixability
4.0",Massachusetts,51 to 200 Employees,2008,Company - Private,Advertising & Marketing,Business Services,$25 to $50 million (USD)
Data Scientist,$74K - $128K (Glassdoor est.),-1,"Brains Workgroup, Inc.","Cambridge, MA",-1,-1,-1,-1,-1,-1
Principal Data Engineer,$98K - $162K (Glassdoor est.),3.8,"Liberty Mutual Insurance
3.8","Boston, MA",10000+ Employees,1912,Company - Private,Insurance Carriers,Insurance,$10+ billion (USD)
Data Scientist,$63K - $107K (Glassdoor est.),4.0,"Massachusetts General Hospital(MGH)
4.0","Boston, MA",10000+ Employees,1811,Hospital,Health Care Services & Hospitals,Health Care,$2 to $5 billion (USD)
Scientific Consultant / Data Scientist,$77K - $138K (Glassdoor est.),4.4,"Genedata
4.4","Lexington, MA",201 to 500 Employees,1997,Company - Private,Biotech & Pharmaceuticals,Biotech & Pharmaceuticals,Unknown / Non-Applicable
Data Science / Business Intelligence / Informatics,-1,4.1,"Humana
4.1","Boston, MA",10000+ Employees,1961,Company - Public,Insurance Carriers,Insurance,$10+ billion (USD)
Data Scientist,$80K - $123K (Glassdoor est.),4.0,"Endurance International Group
4.0","Waltham, MA",1001 to 5000 Employees,1997,Company - Public,Internet,Information Technology,$1 to $2 billion (USD)
Data Analyst,$51K - $90K (Glassdoor est.),3.8,"SolidEnergy Systems
3.8","Woburn, MA",1 to 50 Employees,Company - Private,$1 to $5 million (USD),-1,-1,-1
Cell Therapy Process Development Scientist,$57K - $107K (Glassdoor est.),3.8,"Cytiva
3.8","Marlborough, MA",5001 to 10000 Employees,2020,Company - Private,Biotech & Pharmaceuticals,Biotech & Pharmaceuticals,$2 to $5 billion (USD)
Data Scientist,-1,3.4,"InVisionApp
3.4",Massachusetts,501 to 1000 Employees,2011,Company - Private,Internet,Information Technology,Unknown / Non-Applicable
Data Scientist,$81K - $132K (Glassdoor est.),3.5,"Wayfair
3.5","Boston, MA",10000+ Employees,2002,Company - Public,Home Furniture & Housewares Stores,Retail,$5 to $10 billion (USD)
Data Scientist,$75K - $131K (Glassdoor est.),3.3,"Staples
3.3","Framingham, MA",10000+ Employees,1986,Company - Private,Office Supply Stores,Retail,$10+ billion (USD)
Data Scientist,$77K - $134K (Glassdoor est.),3.7,"Invesco
3.7","Boston, MA",5001 to 10000 Employees,1935,Company - Public,Investment Banking & Asset Management,Finance,$2 to $5 billion (USD)
Data Scientist RED - DAB,$115K - $153K (Glassdoor est.),3.9,"Takeda
3.9","Cambridge, MA",10000+ Employees,1781,Company - Public,Biotech & Pharmaceuticals,Biotech & Pharmaceuticals,$10+ billion (USD)
Data Scientist,$72K - $134K (Glassdoor est.),3.8,"Genpact
3.8","Boston, MA",10000+ Employees,1997,Company - Public,IT Services,Information Technology,$2 to $5 billion (USD)
Data Scientist – Attribute Sciences Data Engineering,$97K - $162K (Glassdoor est.),4.0,"Amgen
4.0","Cambridge, MA",10000+ Employees,1980,Company - Public,Biotech & Pharmaceuticals,Biotech & Pharmaceuticals,$10+ billion (USD)
Data Scientist,$77K - $139K (Glassdoor est.),3.3,"Peapod Digital Labs
3.3","Quincy, MA",501 to 1000 Employees,2018,Company - Public,IT Services,Information Technology,Unknown / Non-Applicable
Senior Data Engineer,$94K - $145K (Glassdoor est.),3.8,"Liberty Mutual Insurance
3.8","Boston, MA",10000+ Employees,1912,Company - Private,Insurance Carriers,Insurance,$10+ billion (USD)
Staff Engineer/Scientist,$62K - $120K (Glassdoor est.),-1,"Lockwood Remediation Technologies, LLC","Boston, MA",-1,-1,-1,-1,-1,-1
"Manager, MS&T Materials Scientist",$80K - $140K (Glassdoor est.),4.1,"Bristol Myers Squibb
4.1","Devens, MA",10000+ Employees,1858,Company - Public,Biotech & Pharmaceuticals,Biotech & Pharmaceuticals,$10+ billion (USD)
Research Associate/Scientist - Protein Kinase Assays,$71K - $122K (Glassdoor est.),4.0,"Bevov
4.0","Marlborough, MA",1 to 50 Employees,Company - Private,Unknown / Non-Applicable,-1,-1,-1
Data Scientist,$76K - $127K (Glassdoor est.),-1,DeepHealth,"Cambridge, MA",-1,-1,-1,-1,-1,-1
Data Scientist,$84K - $140K (Glassdoor est.),-1,3 Key Consulting,"Cambridge, MA",-1,-1,-1,-1,-1,-1
"Applied Data Scientist, Forecasting Standards",$92K - $151K (Glassdoor est.),3.5,"Wayfair
3.5","Boston, MA",10000+ Employees,2002,Company - Public,Home Furniture & Housewares Stores,Retail,$5 to $10 billion (USD)
Data Scientist Channing Division of Network Medicine,$66K - $113K (Glassdoor est.),3.9,"Brigham & Women's Hospital(BWH)
3.9","Boston, MA",5001 to 10000 Employees,1996,Subsidiary or Business Segment,Health Care Services & Hospitals,Health Care,$1 to $2 billion (USD)
Data Scientist,$69K - $125K (Glassdoor est.),4.6,"Definitive Healthcare, LLC
4.6","Framingham, MA",501 to 1000 Employees,2011,Company - Private,Internet,Information Technology,Unknown / Non-Applicable
Associate Scientist,$72K - $134K (Glassdoor est.),3.4,"Cabot Corporation
3.4","Billerica, MA",1001 to 5000 Employees,1882,Company - Public,Chemical Manufacturing,Manufacturing,$2 to $5 billion (USD)
Data Scientist,-1,-1,Chen Lab @ Boston University,"Boston, MA",-1,-1,-1,-1,-1,-1
Data Scientist - Corporate Data & Analytics,$75K - $128K (Glassdoor est.),4.2,"The Hanover Insurance Group
4.2","Worcester, MA",5001 to 10000 Employees,1852,Company - Public,Insurance Carriers,Insurance,$5 to $10 billion (USD)
Data Scientist,$71K - $131K (Glassdoor est.),-1,"Amazon Dev Center U.S., Inc.","Boston, MA",-1,-1,-1,-1,-1,-1
Data Scientist - NLP and Computer Vision,-1,3.8,"Biofourmis
3.8","Boston, MA",1 to 50 Employees,2015,Company - Private,Health Care Services & Hospitals,Health Care,Unknown / Non-Applicable
Data Scientist,-1,-1,Algorex Health,"Boston, MA",-1,-1,-1,-1,-1,-1
Data Scientist,$77K - $128K (Glassdoor est.),4.7,"Insurify
4.7","Cambridge, MA",1 to 50 Employees,2013,Company - Private,Insurance Agencies & Brokerages,Insurance,Unknown / Non-Applicable
Data Scientist - Lab222,$92K - $159K (Glassdoor est.),4.1,"Nike
4.1","Boston, MA",10000+ Employees,1972,Company - Public,Consumer Products Manufacturing,Manufacturing,$10+ billion (USD)
"Solutions Engineer, Data – Analytics & Emerging Technology",$91K - $166K (Glassdoor est.),3.8,"Liberty Mutual Insurance
3.8","Boston, MA",10000+ Employees,1912,Company - Private,Insurance Carriers,Insurance,$10+ billion (USD)
Data Scientist II,$132K - $148K (Glassdoor est.),4.2,"Teikametrics
4.2","Boston, MA",201 to 500 Employees,2015,Company - Private,Internet,Information Technology,$10 to $25 million (USD)
Data Scientist,$74K - $121K (Glassdoor est.),-1,REsurety,"Boston, MA",-1,-1,-1,-1,-1,-1
Senior Data Scientist,$80K - $159K (Glassdoor est.),5.0,"Engtal
5.0","Boston, MA",1 to 50 Employees,2017,Company - Private,Staffing & Outsourcing,Business Services,$1 to $5 million (USD)
Data Management - Clinical Data Scientist,$97K - $176K (Glassdoor est.),4.2,"Pfizer
4.2","Cambridge, MA",10000+ Employees,1849,Company - Public,Biotech & Pharmaceuticals,Biotech & Pharmaceuticals,$10+ billion (USD)
Data Scientist,-1,-1,Linus Health,"Boston, MA",-1,-1,-1,-1,-1,-1
Data Scientist,-1,4.2,"HP
4.2",Massachusetts,10000+ Employees,1939,Company - Public,Computer Hardware & Software,Information Technology,Unknown / Non-Applicable
Research Data Scientist,$128K - $178K (Glassdoor est.),4.3,"Facebook
4.3","Boston, MA",10000+ Employees,2004,Company - Public,Internet,Information Technology,$5 to $10 billion (USD)
Data Scientist,$72K - $124K (Glassdoor est.),3.9,"The RepTrak Company
3.9","Boston, MA",201 to 500 Employees,2004,Company - Private,Research & Development,Business Services,$50 to $100 million (USD)
Data Scientist Associate,$66K - $112K (Glassdoor est.),4.3,"Day Zero Diagnostics
4.3","Boston, MA",1 to 50 Employees,2016,Company - Public,$5 to $10 million (USD),-1,-1
"Python Data Scientist (Pandas, NumPy, SciPy)",$72K - $130K (Glassdoor est.),4.4,"Syrinx
4.4","Boston, MA",1 to 50 Employees,1997,Company - Private,Enterprise Software & Network Solutions,Information Technology,$10 to $25 million (USD)
Data Scientist - Martech - 100% Remote,$60K - $120K (Glassdoor est.),3.6,"Michael Page
3.6","Boston, MA",201 to 500 Employees,Company - Private,Security Services,Business Services,Unknown / Non-Applicable,-1
Data Scientist- Biotech,$81K - $147K (Glassdoor est.),-1,Provident Research Inc,"Boston, MA",-1,-1,-1,-1,-1,-1
"Data Scientist, Supply Chain",$111K (Glassdoor est.),4.3,"Coupa
4.3","Boston, MA",1001 to 5000 Employees,2006,Company - Public,Enterprise Software & Network Solutions,Information Technology,$100 to $500 million (USD)
Enterprise Data Engineer,$80K - $140K (Glassdoor est.),3.5,"Commonwealth Care Alliance
3.5","Boston, MA",1001 to 5000 Employees,2003,Company - Private,Health Care Services & Hospitals,Health Care,$1 to $5 million (USD)
"Data Scientist, Analytics - Ads Delivery Product",-1,4.3,"Facebook
4.3","Boston, MA",10000+ Employees,2004,Company - Public,Internet,Information Technology,$5 to $10 billion (USD)
Data Scientist II (Coaching),-1,4.4,"Whoop
4.4","Boston, MA",201 to 500 Employees,2012,Company - Private,Computer Hardware & Software,Information Technology,Unknown / Non-Applicable
Data Scientist,$77K - $129K (Glassdoor est.),-1,Steward Health Care Network,"Needham, MA",-1,-1,-1,-1,-1,-1
Senior Data Scientist,$119K - $190K (Glassdoor est.),4.2,"Splunk
4.2","Boston, MA",5001 to 10000 Employees,2003,Company - Public,Enterprise Software & Network Solutions,Information Technology,$1 to $2 billion (USD)
"Data Scientist, Machine Learning",$97K - $164K (Glassdoor est.),4.0,"Flagship Pioneering, Inc.
4.0","Cambridge, MA",51 to 200 Employees,2000,Company - Private,Biotech & Pharmaceuticals,Biotech & Pharmaceuticals,$1 to $5 million (USD)
Clinical Data Scientist,$69K - $120K (Glassdoor est.),5.0,"EQRx
5.0","Cambridge, MA",51 to 200 Employees,2019,Company - Private,Biotech & Pharmaceuticals,Biotech & Pharmaceuticals,Unknown / Non-Applicable
Data Scientist I,$72K - $122K (Glassdoor est.),3.5,"Health New England
3.5","Springfield, MA",201 to 500 Employees,1985,Subsidiary or Business Segment,Health Fundraising Organizations,Non-Profit,$100 to $500 million (USD)
Data Scientist - Nationwide Opportunities,$93K - $159K (Glassdoor est.),3.8,"Amazon Web Services, Inc.
3.8","Boston, MA",10000+ Employees,1994,Company - Public,Internet,Information Technology,$10+ billion (USD)
Marketing Data Scientist Consultant,$93K - $172K (Glassdoor est.),4.0,"Accenture
4.0","Boston, MA",10000+ Employees,1989,Company - Public,Consulting,Business Services,$10+ billion (USD)
Data Scientist II,$85K - $146K (Glassdoor est.),3.7,"Homesite Insurance
3.7","Boston, MA",1001 to 5000 Employees,1997,Company - Private,Insurance Carriers,Insurance,Unknown / Non-Applicable
Data Scientist 2,$84K - $144K (Glassdoor est.),3.7,"Oracle
3.7","Burlington, MA",10000+ Employees,1977,Company - Public,Enterprise Software & Network Solutions,Information Technology,$10+ billion (USD)
Data Scientist - Inference and Analytics,-1,4.8,"Collage.com
4.8",Massachusetts,51 to 200 Employees,2011,Company - Private,Internet,Information Technology,$50 to $100 million (USD)
Associate Engineer/Scientist,$69K - $118K (Glassdoor est.),4.1,"Bristol Myers Squibb
4.1","Devens, MA",10000+ Employees,1858,Company - Public,Biotech & Pharmaceuticals,Biotech & Pharmaceuticals,$10+ billion (USD)
Data Scientist - ProServe,-1,3.8,"Amazon Web Services, Inc.
3.8","Cambridge, MA",10000+ Employees,1994,Company - Public,Internet,Information Technology,$10+ billion (USD)
Research Scientist - Next Generation DNA Sequencing,$68K - $136K (Glassdoor est.),-1,"C2i Genomics, Inc","Cambridge, MA",-1,-1,-1,-1,-1,-1
Scientist,$76K - $156K (Glassdoor est.),3.3,"BioAgilytix
3.3","Boston, MA",201 to 500 Employees,2008,Company - Private,Biotech & Pharmaceuticals,Biotech & Pharmaceuticals,$25 to $50 million (USD)
Sr Data Scientist - Health Tech - 100% Remote,$79K - $154K (Glassdoor est.),3.6,"Michael Page
3.6","Boston, MA",201 to 500 Employees,Company - Private,Security Services,Business Services,Unknown / Non-Applicable,-1
Data Analyst,-1,4.4,"Alexander Technology Group
4.4","Boston, MA",51 to 200 Employees,2007,Company - Private,Staffing & Outsourcing,Business Services,$25 to $50 million (USD)
Senior Data Scientist - Lab222,$111K - $194K (Glassdoor est.),4.1,"Nike
4.1","Boston, MA",10000+ Employees,1972,Company - Public,Consumer Products Manufacturing,Manufacturing,$10+ billion (USD)
Data Analyst,-1,4.4,"Alexander Technology Group
4.4","Boston, MA",51 to 200 Employees,2007,Company - Private,Staffing & Outsourcing,Business Services,$25 to $50 million (USD)
Senior Scientist,$79K - $148K (Glassdoor est.),2.2,"Sterling Hoffman
2.2","Billerica, MA",201 to 500 Employees,Company - Private,Staffing & Outsourcing,Business Services,Unknown / Non-Applicable,-1
Data Scientist II,-1,3.5,"Bering Sea Environmental
3.5","Boston, MA",1 to 50 Employees,Contract,$10 to $25 million (USD),-1,-1,-1
"Data Scientist, Life Solutions",$83K - $139K (Glassdoor est.),3.6,"Lincoln Financial
3.6","Boston, MA",10000+ Employees,1905,Company - Public,Insurance Carriers,Insurance,$10+ billion (USD)
Epidemiologist/Data Scientist,$60K - $100K (Glassdoor est.),4.3,"University of Massachusetts Medical School
4.3","Worcester, MA",10000+ Employees,1863,College / University,Colleges & Universities,Education,$2 to $5 billion (USD)
Visualization/Data Scientist,$50K - $88K (Glassdoor est.),-1,Vita Data Sciences,"Waltham, MA",-1,-1,-1,-1,-1,-1
Data Scientist Internship (Homeowners Insurance),-1,4.0,"Plymouth Rock Assurance
4.0","Boston, MA",1001 to 5000 Employees,1982,Company - Private,Insurance Carriers,Insurance,$10 to $25 million (USD)
Market Research Data Analyst,$43K - $79K (Glassdoor est.),3.4,"Phoenix Marketing International
3.4","Framingham, MA",201 to 500 Employees,1999,Company - Private,Advertising & Marketing,Business Services,Unknown / Non-Applicable
Senior Data Scientist,-1,4.1,"Humana
4.1","Boston, MA",10000+ Employees,1961,Company - Public,Insurance Carriers,Insurance,$10+ billion (USD)
Senior Data Analyst,$74K - $129K (Glassdoor est.),4.6,"Hollister Staffing
4.6","Boston, MA",51 to 200 Employees,1988,Company - Private,Staffing & Outsourcing,Business Services,Unknown / Non-Applicable
Senior Data Scientist,$142K - $225K (Glassdoor est.),3.8,"Cervello Inc
3.8","Boston, MA",51 to 200 Employees,2009,Company - Private,IT Services,Information Technology,$10 to $25 million (USD)
Contract Associate Scientist – Translational Immunology,$57K - $118K (Glassdoor est.),-1,Cue Biopharma,"Cambridge, MA",-1,-1,-1,-1,-1,-1
Data Scientist III,$101K - $175K (Glassdoor est.),3.8,"Amazon Web Services, Inc.
3.8","Boston, MA",10000+ Employees,1994,Company - Public,Internet,Information Technology,$10+ billion (USD)
"Data Scientist, Associate",$58K - $111K (Glassdoor est.),3.8,"Mitre Corporation
3.8","Bedford, MA",5001 to 10000 Employees,1958,Nonprofit Organization,Federal Agencies,Government,$1 to $2 billion (USD)
"Senior Scientist, Biologics Downstream Development",$82K - $147K (Glassdoor est.),4.1,"Bristol Myers Squibb
4.1","Devens, MA",10000+ Employees,1858,Company - Public,Biotech & Pharmaceuticals,Biotech & Pharmaceuticals,$10+ billion (USD)
Associate Scientist - Inflammation,-1,-1,Scismic,"Cambridge, MA",-1,-1,-1,-1,-1,-1
Research Scientist,$74K - $146K (Glassdoor est.),4.7,"Selux Diagnostics
4.7","Charlestown, MA",1 to 50 Employees,Company - Private,Unknown / Non-Applicable,-1,-1,-1
"Senior Scientist, QC Flow Cytometry",$97K - $163K (Glassdoor est.),4.1,"Bristol Myers Squibb
4.1","Devens, MA",10000+ Employees,1858,Company - Public,Biotech & Pharmaceuticals,Biotech & Pharmaceuticals,$10+ billion (USD)
"Research Scientist 1, PK and ADA Bioanalytical Development and Validation 1",$60K - $116K (Glassdoor est.),3.5,"Charles River Laboratories
3.5","Shrewsbury, MA",10000+ Employees,1947,Company - Public,Biotech & Pharmaceuticals,Biotech & Pharmaceuticals,$2 to $5 billion (USD)
"Scientist/Senior Scientist, Data Science & Machine Learning",$74K - $138K (Glassdoor est.),2.9,"Prime Medicine
2.9","Cambridge, MA",51 to 200 Employees,Company - Private,Health Care Services & Hospitals,Health Care,Unknown / Non-Applicable,-1
Senior Data Scientist,-1,4.4,"3Play Media
4.4","Boston, MA",1 to 50 Employees,2008,Company - Private,Computer Hardware & Software,Information Technology,Unknown / Non-Applicable
Associate Data Scientist,$62K - $108K (Glassdoor est.),3.2,"Insulet Corporation
3.2","Acton, MA",1001 to 5000 Employees,2000,Company - Public,Biotech & Pharmaceuticals,Biotech & Pharmaceuticals,$500 million to $1 billion (USD)
Data Scientist(Marketing Optimization),$84K - $154K (Glassdoor est.),3.2,"KAYAK
3.2","Boston, MA",1001 to 5000 Employees,2004,Subsidiary or Business Segment,Internet,Information Technology,Unknown / Non-Applicable
Data Science,$63K - $95K (Glassdoor est.),3.9,"Intralinks
3.9","Waltham, MA",501 to 1000 Employees,1996,Company - Public,Computer Hardware & Software,Information Technology,Unknown / Non-Applicable
Senior Data Scientist,$105K - $132K (Glassdoor est.),4.4,"Whoop
4.4","Boston, MA",201 to 500 Employees,2012,Company - Private,Computer Hardware & Software,Information Technology,Unknown / Non-Applicable
"Computational Scientist, Machine Learning",$86K - $154K (Glassdoor est.),4.2,"Pfizer
4.2","Cambridge, MA",10000+ Employees,1849,Company - Public,Biotech & Pharmaceuticals,Biotech & Pharmaceuticals,$10+ billion (USD)
"Director, Advanced Risk Analytics (Data Scientist)",$110K - $200K (Glassdoor est.),3.5,"Sun Life Financial
3.5","Wellesley Hills, MA",10000+ Employees,1865,Company - Public,Insurance Carriers,Insurance,$10+ billion (USD)
DATA SCIENTIST (Performance Reporting),$67K - $115K (Glassdoor est.),4.0,"UMass Memorial Health Care
4.0","Worcester, MA",10000+ Employees,1997,Hospital,Health Care Services & Hospitals,Health Care,$2 to $5 billion (USD)
Data Analyst (relocation bonus),$50K - $99K (Glassdoor est.),4.8,"Curriculum Associates
4.8","North Billerica, MA",1001 to 5000 Employees,1969,Company - Private,K-12 Education,Education,$100 to $500 million (USD)
Data Scientist Boston,$72K - $135K (Glassdoor est.),3.8,"Genpact
3.8","Boston, MA",10000+ Employees,1997,Company - Public,IT Services,Information Technology,$2 to $5 billion (USD)
Principal Data Scientist,$134K - $222K (Glassdoor est.),4.1,"Moderna
4.1","Cambridge, MA",1001 to 5000 Employees,2011,Company - Public,Biotech & Pharmaceuticals,Biotech & Pharmaceuticals,$50 to $100 million (USD)
Data Scientist - Healthcare,$67K - $124K (Glassdoor est.),5.0,"Archway Health
5.0","Boston, MA",1 to 50 Employees,Company - Private,Computer Hardware & Software,Information Technology,Unknown / Non-Applicable,-1
Machine Learning Data Scientist,$67K - $120K (Glassdoor est.),4.6,"Odyssey Systems Consulting Group, Ltd.
4.6","Lexington, MA",501 to 1000 Employees,1997,Company - Private,Consulting,Business Services,$100 to $500 million (USD)
Data Scientist - Inference,$88K - $138K (Glassdoor est.),3.7,"Tripadvisor
3.7","Needham, MA",1001 to 5000 Employees,2000,Company - Public,Internet,Information Technology,$1 to $2 billion (USD)
Data Scientist/Machine Learning Specialist,$78K - $147K (Glassdoor est.),4.9,"Solidus Technical Solutions
4.9","Lexington, MA",51 to 200 Employees,2000,Company - Private,Aerospace & Defense,Aerospace & Defense,$10 to $25 million (USD)
FAS IMMUNOLOGY - FIELD APPLICATION SCIENTIST - BIOPROCESS BIOANALYTICAL,-1,-1,Executec Search Agency Inc.,"Boston, MA",-1,-1,-1,-1,-1,-1
Supply Chain Data Scientist Consultant,$74K - $135K (Glassdoor est.),4.0,"Accenture
4.0","Boston, MA",10000+ Employees,1989,Company - Public,Consulting,Business Services,$10+ billion (USD)
Data Scientist Co-op,$71K - $127K (Glassdoor est.),4.2,"Healthcare Financial, Inc.
4.2","Quincy, MA",51 to 200 Employees,1999,Company - Private,Health Care Services & Hospitals,Health Care,$5 to $10 million (USD)
"Data Scientist, Personal Lines",$75K - $128K (Glassdoor est.),4.2,"The Hanover Insurance Group
4.2","Worcester, MA",5001 to 10000 Employees,1852,Company - Public,Insurance Carriers,Insurance,$5 to $10 billion (USD)
Data Scientist 1,$99K - $173K (Glassdoor est.),3.7,"Oracle
3.7","Cambridge, MA",10000+ Employees,1977,Company - Public,Enterprise Software & Network Solutions,Information Technology,$10+ billion (USD)
Data Analyst,-1,3.5,"Kelly
3.5","Devens, MA",5001 to 10000 Employees,1946,Company - Public,Staffing & Outsourcing,Business Services,$5 to $10 billion (USD)
Image Data Scientist,$74K - $127K (Glassdoor est.),3.6,"PureTech Health
3.6","Boston, MA",51 to 200 Employees,2003,Company - Public,Biotech & Pharmaceuticals,Biotech & Pharmaceuticals,$10 to $25 million (USD)
Bioinformatics Data Scientist,-1,4.2,"Greenlight Biosciences
4.2","Medford, MA",201 to 500 Employees,2008,Company - Private,Biotech & Pharmaceuticals,Biotech & Pharmaceuticals,Less than $1 million (USD)
Scientist I/II,$72K - $130K (Glassdoor est.),4.1,"Bristol Myers Squibb
4.1","Devens, MA",10000+ Employees,1858,Company - Public,Biotech & Pharmaceuticals,Biotech & Pharmaceuticals,$10+ billion (USD)
Data Scientist | MA - Boston,-1,-1,HopHR,"Boston, MA",-1,-1,-1,-1,-1,-1
Statistician II / Data Scientist,$78K - $125K (Glassdoor est.),3.1,"MAPFRE
3.1","Webster, MA",1001 to 5000 Employees,1972,Subsidiary or Business Segment,Insurance Carriers,Insurance,$1 to $2 billion (USD)
NGS Data Scientist II,$79K - $144K (Glassdoor est.),3.5,"Sarepta Therapeutics
3.5","Cambridge, MA",51 to 200 Employees,Company - Public,Biotech & Pharmaceuticals,Biotech & Pharmaceuticals,$5 to $10 million (USD),-1
Senior Data Scientist - Digital Health,$89K - $148K (Glassdoor est.),4.2,"AstraZeneca
4.2","Waltham, MA",10000+ Employees,1913,Company - Public,Biotech & Pharmaceuticals,Biotech & Pharmaceuticals,$10+ billion (USD)
Senior Data Scientist - Drug Discovery,-1,4.8,"Jobot
4.8","Cambridge, MA",51 to 200 Employees,2018,Company - Private,Staffing & Outsourcing,Business Services,$50 to $100 million (USD)
"Deep Learning, Sensor Data Fusion Intern",-1,3.7,"Signify
3.7","Cambridge, MA",10000+ Employees,1891,Company - Public,Consumer Products Manufacturing,Manufacturing,$5 to $10 billion (USD)
Data Scientist/Engineer,$80K - $128K (Glassdoor est.),3.9,"EMD SERONO
3.9","Rockland, MA",Unknown,Company - Public,Unknown / Non-Applicable,-1,-1,-1
Junior Data Scientist,-1,-1,PIÑATA SCIENCES,"Boston, MA",-1,-1,-1,-1,-1,-1
"Technical Associate I/Data Scientist, Fraenkel Lab",$61K - $107K (Glassdoor est.),4.5,"MIT
4.5","Cambridge, MA",10000+ Employees,1861,College / University,Colleges & Universities,Education,$2 to $5 billion (USD)
Senior Data Scientist - Travel & Tourism,$81K - $163K (Glassdoor est.),3.6,"Michael Page
3.6","Boston, MA",201 to 500 Employees,Company - Private,Security Services,Business Services,Unknown / Non-Applicable,-1
Data Science Analyst,$68K - $123K (Glassdoor est.),3.8,"Thermo Fisher Scientific
3.8","Boston, MA",10000+ Employees,1902,Company - Public,Biotech & Pharmaceuticals,Biotech & Pharmaceuticals,$10+ billion (USD)
Data Science - Intern,-1,3.9,"Intralinks
3.9","Waltham, MA",501 to 1000 Employees,1996,Company - Public,Computer Hardware & Software,Information Technology,Unknown / Non-Applicable
Early Career Data Scientist,$56K - $109K (Glassdoor est.),2.8,"Workforce Opportunity Services
2.8","Boston, MA",51 to 200 Employees,Nonprofit Organization,Education Training Services,Education,$10 to $25 million (USD),-1
"Data Scientist, Visualization and Analytics",$85K - $143K (Glassdoor est.),4.0,"Flagship Pioneering, Inc.
4.0","Cambridge, MA",51 to 200 Employees,2000,Company - Private,Biotech & Pharmaceuticals,Biotech & Pharmaceuticals,$1 to $5 million (USD)
Scientist,-1,4.0,"System One
4.0","Cambridge, MA",5001 to 10000 Employees,1979,Company - Private,Staffing & Outsourcing,Business Services,$500 million to $1 billion (USD)
Machine Learning Engineer I - Remote,$64K - $117K (Glassdoor est.),4.2,"Teikametrics
4.2","Boston, MA",201 to 500 Employees,2015,Company - Private,Internet,Information Technology,$10 to $25 million (USD)
Epidemiologist/Data Scientist,-1,3.7,"University of Massachusetts Medical School
3.7","Worcester, MA",5001 to 10000 Employees,1962,College / University,Colleges & Universities,Education,$1 to $2 billion (USD)
"Senior Data Scientist, Service",$95K - $151K (Glassdoor est.),3.5,"Wayfair
3.5","Boston, MA",10000+ Employees,2002,Company - Public,Home Furniture & Housewares Stores,Retail,$5 to $10 billion (USD)
Senior Data Scientist,$93K - $172K (Glassdoor est.),4.9,"Cambridge Mobile Telematics
4.9","Cambridge, MA",1 to 50 Employees,2010,Company - Private,Enterprise Software & Network Solutions,Information Technology,Unknown / Non-Applicable
"Senior Data Scientist - Opportunity for Working Remotely Boston, MA",$109K - $193K (Glassdoor est.),4.3,"VMware Engineering
4.3","Boston, MA",10000+ Employees,1998,Company - Public,Computer Hardware & Software,Information Technology,$5 to $10 billion (USD)
Full Stack Data Scientist,$111K - $126K (Glassdoor est.),4.0,"Sensor Tower
4.0","Boston, MA",51 to 200 Employees,2013,Company - Private,Research & Development,Business Services,Unknown / Non-Applicable
Machine Learning Engineer - Data Science,$75K - $131K (Glassdoor est.),4.2,"STR
4.2","Woburn, MA",201 to 500 Employees,1985,Company - Private,Research & Development,Business Services,Unknown / Non-Applicable
Scientist,$55K - $115K (Glassdoor est.),-1,Thymmune Therapeutics,"Cambridge, MA",-1,-1,-1,-1,-1,-1
Data Scientist (Marketing Optimization),$72K - $130K (Glassdoor est.),-1,"Brains Workgroup, Inc.","Cambridge, MA",-1,-1,-1,-1,-1,-1
Biomedical Data Scientist,-1,4.5,"PathAI
4.5","Boston, MA",51 to 200 Employees,2016,Company - Private,Biotech & Pharmaceuticals,Biotech & Pharmaceuticals,$10 to $25 million (USD)
Senior Data Scientist,$101K - $171K (Glassdoor est.),4.8,"TrueMotion
4.8","Boston, MA",51 to 200 Employees,2012,Company - Private,Computer Hardware & Software,Information Technology,$10 to $25 million (USD)
Staff Data Scientist,$90K - $145K (Glassdoor est.),3.3,"Chewy
3.3","Boston, MA",10000+ Employees,2011,Company - Public,Pet & Pet Supplies Stores,Retail,$2 to $5 billion (USD)
Data Scientist II,$102K - $165K (Glassdoor est.),3.8,"Amazon Web Services, Inc.
3.8","Boston, MA",10000+ Employees,1994,Company - Public,Internet,Information Technology,$10+ billion (USD)
"Machine Learning Scientist, (Natural Language Processing)",$60K - $126K (Glassdoor est.),4.0,"Workhuman
4.0","Framingham, MA",201 to 500 Employees,1999,Company - Private,Enterprise Software & Network Solutions,Information Technology,$100 to $500 million (USD)
Lead Data Scientist,-1,3.8,"Harnham
3.8","Wellesley, MA",51 to 200 Employees,2006,Company - Private,Staffing & Outsourcing,Business Services,$25 to $50 million (USD)
Marketing Business Intelligence Analyst,$51K - $97K (Glassdoor est.),3.5,"EF Education First
3.5","Boston, MA",10000+ Employees,1965,Company - Private,Education Training Services,Education,Unknown / Non-Applicable
Data Scientist | MA - Wellesley,-1,-1,HopHR,"Wellesley, MA",-1,-1,-1,-1,-1,-1
Scientist - LC-MS/MS protein analysis,$55K - $104K (Glassdoor est.),4.5,"Alpha Consulting
4.5","Cambridge, MA",201 to 500 Employees,1994,Company - Private,Staffing & Outsourcing,Business Services,$10 to $25 million (USD)
"Data Scientist, Protein Structure",$97K - $164K (Glassdoor est.),4.0,"Flagship Pioneering, Inc.
4.0","Cambridge, MA",51 to 200 Employees,2000,Company - Private,Biotech & Pharmaceuticals,Biotech & Pharmaceuticals,$1 to $5 million (USD)
Protein Engineering Scientist,$74K - $140K (Glassdoor est.),3.9,"Momentum Staffing Group LLC
3.9","Cambridge, MA",51 to 200 Employees,2008,Private Practice / Firm,Biotech & Pharmaceuticals,Biotech & Pharmaceuticals,$1 to $5 million (USD)
Data Scientist – Computer Vision,$68K - $127K (Glassdoor est.),4.8,"SFL Scientific
4.8","Boston, MA",1 to 50 Employees,2015,Company - Private,Consulting,Business Services,Unknown / Non-Applicable
Senior Data Scientist,$102K - $166K (Glassdoor est.),3.1,"CVS Health
3.1","Wellesley, MA",10000+ Employees,1963,Company - Public,Health Care Services & Hospitals,Health Care,$10+ billion (USD)
Sr Research Data Scientist,$99K - $182K (Glassdoor est.),4.1,"Roku
4.1","Boston, MA",1001 to 5000 Employees,2002,Company - Public,IT Services,Information Technology,$1 to $2 billion (USD)
Data Scientist - Boston,$87K - $142K (Glassdoor est.),4.5,"Shift Technology
4.5","Boston, MA",201 to 500 Employees,2014,Company - Private,Enterprise Software & Network Solutions,Information Technology,Unknown / Non-Applicable
"Scientist, Protein Purification Process Development",-1,-1,Cue Biopharma,"Cambridge, MA",-1,-1,-1,-1,-1,-1
Senior Data Scientist - Advanced Analytics,$81K - $150K (Glassdoor est.),3.1,"Ironside
3.1","Lexington, MA",51 to 200 Employees,1999,Company - Private,Consulting,Business Services,$25 to $50 million (USD)
Data Scientist/statistician,$72K - $120K (Glassdoor est.),-1,Cohen Veterans Bioscience,"Cambridge, MA",-1,-1,-1,-1,-1,-1
Senior Data Scientist – Attribute Sciences,$103K - $158K (Glassdoor est.),4.0,"Amgen
4.0","Cambridge, MA",10000+ Employees,1980,Company - Public,Biotech & Pharmaceuticals,Biotech & Pharmaceuticals,$10+ billion (USD)
Senior Engineering Scientist,$74K - $153K (Glassdoor est.),3.9,"Momentum Staffing Group LLC
3.9","Cambridge, MA",51 to 200 Employees,2008,Private Practice / Firm,Biotech & Pharmaceuticals,Biotech & Pharmaceuticals,$1 to $5 million (USD)
Senior Data Scientist,$80K - $145K (Glassdoor est.),-1,TrueMotion,"Boston, MA",51 to 200 Employees,2006,Company - Private,Consulting,Business Services,$5 to $10 million (USD)
Senior Data Scientist,$93K - $152K (Glassdoor est.),4.2,"Sonos
4.2","Boston, MA",1001 to 5000 Employees,2002,Company - Public,Consumer Products Manufacturing,Manufacturing,$500 million to $1 billion (USD)
Machine Learning Scientist,-1,4.3,"Day Zero Diagnostics
4.3","Boston, MA",1 to 50 Employees,2016,Company - Public,$5 to $10 million (USD),-1,-1
Machine Learning Engineer,$70K - $125K (Glassdoor est.),4.0,"Butterfly Network
4.0","Boston, MA",201 to 500 Employees,2011,Company - Public,Biotech & Pharmaceuticals,Biotech & Pharmaceuticals,Unknown / Non-Applicable
Data Scientist (Computer Vision and Image Processing),-1,-1,Spark Insights,"Boston, MA",-1,-1,-1,-1,-1,-1
Data Scientist (Labs),$84K - $145K (Glassdoor est.),3.2,"KAYAK
3.2","Boston, MA",1001 to 5000 Employees,2004,Subsidiary or Business Segment,Internet,Information Technology,Unknown / Non-Applicable
AI/ML Research Scientist,$76K - $136K (Glassdoor est.),5.0,"Pryon
5.0","Boston, MA",1 to 50 Employees,2017,Company - Private,Enterprise Software & Network Solutions,Information Technology,Unknown / Non-Applicable
Senior Data Scientist,$123K - $195K (Glassdoor est.),4.4,"Syrinx
4.4","Boston, MA",1 to 50 Employees,1997,Company - Private,Enterprise Software & Network Solutions,Information Technology,$10 to $25 million (USD)
Managing Data Scientist/ML Engineer,$83K - $146K (Glassdoor est.),3.5,"PA Consulting Group
3.5","Boston, MA",1001 to 5000 Employees,1943,Company - Private,Consulting,Business Services,$100 to $500 million (USD)
"Scientist, Quality Control Molecular Cell Therapy",$58K - $106K (Glassdoor est.),4.1,"Bristol Myers Squibb
4.1","Devens, MA",10000+ Employees,1858,Company - Public,Biotech & Pharmaceuticals,Biotech & Pharmaceuticals,$10+ billion (USD)
Senior Data Scientist,-1,4.7,"HubSpot
4.7",Massachusetts,1001 to 5000 Employees,2006,Company - Public,Computer Hardware & Software,Information Technology,$1 to $2 billion (USD)
Data Scientist - Advisor,$113K - $135K (Glassdoor est.),3.1,"CVS Health
3.1","Wellesley, MA",10000+ Employees,1963,Company - Public,Health Care Services & Hospitals,Health Care,$10+ billion (USD)
Associate Data Scientist-Consultant (ConvergeHealth),$65K - $115K (Glassdoor est.),3.9,"Deloitte
3.9","Boston, MA",10000+ Employees,1850,Company - Private,Accounting,Accounting & Legal,$10+ billion (USD)
Quantitative Analyst,$123K - $237K (Glassdoor est.),4.2,"Fidelity Investments
4.2","Boston, MA",10000+ Employees,1946,Company - Private,Investment Banking & Asset Management,Finance,$10+ billion (USD)
Senior Marketing Data Analyst,$64K - $113K (Glassdoor est.),3.6,"Epsilon
3.6","Wakefield, MA",5001 to 10000 Employees,1969,Subsidiary or Business Segment,Advertising & Marketing,Business Services,$2 to $5 billion (USD)
Senior Data Scientist,$100K - $159K (Glassdoor est.),4.0,"Verizon
4.0","Waltham, MA",10000+ Employees,2000,Company - Public,Telecommunications Services,Telecommunications,$10+ billion (USD)
Senior Data Scientist,-1,-1,Reverie Labs,"Cambridge, MA",-1,-1,-1,-1,-1,-1
Senior Scientist - Molecular Biology,$55K - $122K (Glassdoor est.),3.9,"Momentum Staffing Group LLC
3.9","Cambridge, MA",51 to 200 Employees,2008,Private Practice / Firm,Biotech & Pharmaceuticals,Biotech & Pharmaceuticals,$1 to $5 million (USD)
"Machine Learning, Data Scientist - Marketing",$80K - $141K (Glassdoor est.),4.1,"Getty Images
4.1","Boston, MA",1001 to 5000 Employees,1995,Company - Private,Photography,"Arts, Entertainment & Recreation",Unknown / Non-Applicable
DATA SCIENTIST/ 40 HOURS/ DAYS/ BWH SLEEP MEDICINE,-1,3.9,"Brigham & Women's Hospital(BWH)
3.9","Boston, MA",5001 to 10000 Employees,1996,Subsidiary or Business Segment,Health Care Services & Hospitals,Health Care,$1 to $2 billion (USD)
Transitional Data Scientist,$74K - $134K (Glassdoor est.),3.9,"Mass General Brigham(PHS)
3.9","Somerville, MA",1001 to 5000 Employees,1994,Nonprofit Organization,Health Care Services & Hospitals,Health Care,$10+ billion (USD)
Senior Data Scientist,$89K - $149K (Glassdoor est.),4.8,"SFL Scientific
4.8","Boston, MA",1 to 50 Employees,2015,Company - Private,Consulting,Business Services,Unknown / Non-Applicable
"Data Scientist in Neuroscience and Bioinformatics, CAS, Biology",$58K - $105K (Glassdoor est.),4.3,"Boston University
4.3","Boston, MA",10000+ Employees,1839,College / University,Colleges & Universities,Education,$1 to $2 billion (USD)
Schneider Internship - Data Science (Start Spring/Summer 2021),$59K - $105K (Glassdoor est.),4.2,"Schneider Electric
4.2","Andover, MA",10000+ Employees,1836,Company - Public,Energy,"Oil, Gas, Energy & Utilities",$10+ billion (USD)
Senior Data Scientist,$97K - $168K (Glassdoor est.),4.1,"Veeva Systems
4.1","Boston, MA",1001 to 5000 Employees,2007,Company - Public,Enterprise Software & Network Solutions,Information Technology,$1 to $2 billion (USD)
Senior Scientist,$68K - $136K (Glassdoor est.),-1,"First Light Diagnostics, Inc.","Chelmsford, MA",-1,-1,-1,-1,-1,-1
Senior Data Scientist (Commercial Analytics),$129K - $205K (Glassdoor est.),4.4,"Syrinx
4.4","Boston, MA",1 to 50 Employees,1997,Company - Private,Enterprise Software & Network Solutions,Information Technology,$10 to $25 million (USD)
Lecturer of Statistical and Data Sciences,$62K - $109K (Glassdoor est.),4.3,"Smith College
4.3","Northampton, MA",1001 to 5000 Employees,1871,College / University,Colleges & Universities,Education,$100 to $500 million (USD)
Data Scientist (Co-op),$69K - $129K (Glassdoor est.),4.0,"Retail Business Services
4.0","Quincy, MA",1001 to 5000 Employees,Company - Public,Food & Beverage Stores,Retail,Unknown / Non-Applicable,-1
Data Scientist – Network Analysis and Control,$70K - $130K (Glassdoor est.),3.8,"Mitre Corporation
3.8","Bedford, MA",5001 to 10000 Employees,1958,Nonprofit Organization,Federal Agencies,Government,$1 to $2 billion (USD)
"Scientist, Formulation Development",$44K - $84K (Glassdoor est.),-1,Allena Pharmaceuticals,"Sudbury, MA",-1,-1,-1,-1,-1,-1
Epidemiologist/Associate Data Scientist– Dept of Ophthalmology,$57K - $101K (Glassdoor est.),4.3,"University of Massachusetts Medical School
4.3","Worcester, MA",10000+ Employees,1863,College / University,Colleges & Universities,Education,$2 to $5 billion (USD)
"Scientist, Formulation Development",$44K - $84K (Glassdoor est.),-1,Allena Pharmaceuticals,"Sudbury, MA",-1,-1,-1,-1,-1,-1
"Data Scientist, RWD",$72K - $137K (Glassdoor est.),-1,Alldus,"Boston, MA",-1,-1,-1,-1,-1,-1
Senior Data Scientist,$91K - $167K (Glassdoor est.),3.2,"Crossix Solutions
3.2","Boston, MA",201 to 500 Employees,2005,Company - Public,Advertising & Marketing,Business Services,Unknown / Non-Applicable
Machine Learning Engineer - Data Science,$68K - $132K (Glassdoor est.),2.8,"Athenahealth
2.8","Watertown, MA",5001 to 10000 Employees,1984,Company - Private,Health Care Services & Hospitals,Health Care,$1 to $5 million (USD)
Senior Data Scientist,$95K - $153K (Glassdoor est.),3.7,"John Hancock
3.7","Boston, MA",1001 to 5000 Employees,1862,Subsidiary or Business Segment,Insurance Carriers,Insurance,$50 to $100 million (USD)
Machine Learning Engineer,$76K - $138K (Glassdoor est.),-1,CODAMETRIX,"Boston, MA",-1,-1,-1,-1,-1,-1
Variable Data Analyst,$51K - $100K (Glassdoor est.),3.2,"Spire
3.2","Peabody, MA",51 to 200 Employees,Company - Private,Unknown / Non-Applicable,-1,-1,-1
Transitional Data Scientist,-1,-1,Mass General Brigham(PHS),"Somerville, MA",-1,-1,-1,-1,-1,-1
"Data Scientist, Customer Intelligence - Opportunity for Working Remotely Boston, MA",-1,4.3,"VMware
4.3","Boston, MA",10000+ Employees,1998,Company - Public,Computer Hardware & Software,Information Technology,$5 to $10 billion (USD)
Martech Data Analyst,$56K - $102K (Glassdoor est.),4.7,"The Mom Project
4.7","Boston, MA",51 to 200 Employees,2016,Company - Private,Staffing & Outsourcing,Business Services,Unknown / Non-Applicable
Senior Data Scientist - Advanced Analytics,-1,4.0,"Ironside
4.0","Lexington, MA",1 to 50 Employees,2011,Company - Private,Staffing & Outsourcing,Business Services,Less than $1 million (USD)
"Data Scientist, Senior",$74K - $131K (Glassdoor est.),4.2,"Booz Allen Hamilton
4.2","Westborough, MA",10000+ Employees,1914,Company - Public,Consulting,Business Services,$5 to $10 billion (USD)
Senior Data Scientist,-1,4.2,"Dell Technologies
4.2",Massachusetts,10000+ Employees,1984,Company - Public,IT Services,Information Technology,$10+ billion (USD)
Business Intelligence Analyst,-1,3.7,"Robert Half
3.7","Sudbury, MA",10000+ Employees,1948,Company - Public,Staffing & Outsourcing,Business Services,$2 to $5 billion (USD)
Chemical Data Scientist,-1,-1,Treeline Biosciences,Massachusetts,-1,-1,-1,-1,-1,-1
Associate Data Scientist – Network Analysis and Control,$58K - $111K (Glassdoor est.),3.8,"Mitre Corporation
3.8","Bedford, MA",5001 to 10000 Employees,1958,Nonprofit Organization,Federal Agencies,Government,$1 to $2 billion (USD)
Senior Data Scientist,$96K - $163K (Glassdoor est.),5.0,"NuvoAir
5.0","Boston, MA",1 to 50 Employees,2016,Company - Private,Computer Hardware & Software,Information Technology,Unknown / Non-Applicable
Data Scientist Proteomics,$82K - $138K (Glassdoor est.),-1,Monte Rosa Therapeutics,"Boston, MA",-1,-1,-1,-1,-1,-1
Epidemiologist/Associate Data Scientist– Dept of Ophthalmology,-1,3.7,"University of Massachusetts Medical School
3.7","Worcester, MA",5001 to 10000 Employees,1962,College / University,Colleges & Universities,Education,$1 to $2 billion (USD)
MDP Ecommerce Data Analyst Intern,-1,3.1,"BJ's Wholesale Club, Inc.
3.1","Westborough, MA",10000+ Employees,1984,Company - Public,Grocery Stores & Supermarkets,Retail,$10+ billion (USD)
Clinical Data Scientist / 40 Hours / Day / BWH APSI,$74K - $102K (Glassdoor est.),3.9,"Brigham & Women's Hospital(BWH)
3.9","Boston, MA",5001 to 10000 Employees,1996,Subsidiary or Business Segment,Health Care Services & Hospitals,Health Care,$1 to $2 billion (USD)
Data Engineer,$72K - $125K (Glassdoor est.),4.1,"Capital One
4.1","Cambridge, MA",10000+ Employees,1994,Company - Public,Banks & Credit Unions,Finance,$10+ billion (USD)
Senior Data Scientist,$96K - $168K (Glassdoor est.),3.8,"Amazon.com Services LLC
3.8","Westborough, MA",10000+ Employees,1994,Company - Public,Internet,Information Technology,$10+ billion (USD)
Senior Data Scientist,-1,-1,Sonde Health,"Boston, MA",-1,-1,-1,-1,-1,-1
Machine Learning Engineer - Computer Vision,$75K - $131K (Glassdoor est.),4.2,"STR
4.2","Woburn, MA",201 to 500 Employees,1985,Company - Private,Research & Development,Business Services,Unknown / Non-Applicable
Machine Learning Engineer,-1,3.7,"Mercari
3.7",Massachusetts,1001 to 5000 Employees,2013,Company - Public,Internet,Information Technology,Unknown / Non-Applicable
Machine Learning Engineer,$90K - $140K (Glassdoor est.),4.9,"Lendbuzz
4.9","Boston, MA",1 to 50 Employees,2015,Company - Private,Unknown / Non-Applicable,-1,-1
Senior Data Scientist - Manufacturing and Supply Chain,$109K - $177K (Glassdoor est.),3.7,"Vertex Pharmaceuticals Inc (US)
3.7","Boston, MA",1001 to 5000 Employees,1989,Company - Public,Biotech & Pharmaceuticals,Biotech & Pharmaceuticals,$5 to $10 million (USD)
Senior Data Scientist,$85K - $147K (Glassdoor est.),5.0,"Hospital IQ
5.0","Newton, MA",1 to 50 Employees,Company - Private,Unknown / Non-Applicable,-1,-1,-1
Data Scientist (Translational Informatics),-1,4.8,"Jobot
4.8","Boston, MA",51 to 200 Employees,2018,Company - Private,Staffing & Outsourcing,Business Services,$50 to $100 million (USD)
Principal Scientist 3,$72K - $146K (Glassdoor est.),3.5,"Charles River Laboratories
3.5","Worcester, MA",10000+ Employees,1947,Company - Public,Biotech & Pharmaceuticals,Biotech & Pharmaceuticals,$2 to $5 billion (USD)
Machine Learning Engineer,-1,3.3,"Rue Gilt Groupe
3.3","Boston, MA",501 to 1000 Employees,Company - Private,"Department, Clothing, & Shoe Stores",Retail,Unknown / Non-Applicable,-1
Machine Learning Engineer,-1,4.9,"Corvus Insurance
4.9","Boston, MA",51 to 200 Employees,2017,Company - Private,IT Services,Information Technology,$100 to $500 million (USD)
Machine Learning Engineer,$90K - $126K (Glassdoor est.),3.5,"Genuity Science
3.5","Boston, MA",201 to 500 Employees,Company - Private,Biotech & Pharmaceuticals,Biotech & Pharmaceuticals,Unknown / Non-Applicable,-1
Senior Data Scientist,$95K - $165K (Glassdoor est.),3.7,"Oracle
3.7","Burlington, MA",10000+ Employees,1977,Company - Public,Enterprise Software & Network Solutions,Information Technology,$10+ billion (USD)
Data Analyst,$49K - $97K (Glassdoor est.),3.5,"ClinEdge
3.5","Quincy, MA",51 to 200 Employees,2010,Company - Private,Biotech & Pharmaceuticals,Biotech & Pharmaceuticals,Unknown / Non-Applicable
Principal Research Associate/Associate Scientist - Delivery Sciences,$52K - $112K (Glassdoor est.),-1,Scismic,"Cambridge, MA",-1,-1,-1,-1,-1,-1
Machine Learning Engineer,$71K - $128K (Glassdoor est.),4.9,"MORSE Corp
4.9","Cambridge, MA",51 to 200 Employees,2014,Company - Private,Aerospace & Defense,Aerospace & Defense,Unknown / Non-Applicable
"Senior Data Scientist, Advanced Analytics / AI CoE",$95K - $151K (Glassdoor est.),4.2,"Fidelity Investments
4.2","Boston, MA",10000+ Employees,1946,Company - Private,Investment Banking & Asset Management,Finance,$10+ billion (USD)
"Senior Data Scientist, Advanced Analytics / AI CoE",-1,-1,"Fidelity Investments
4.2","Boston, MA",-1,-1,-1,-1,-1,-1
"Senior Data Scientist, Advanced Analytics / AI CoE",-1,-1,"Fidelity Investments
4.2","Boston, MA",-1,-1,-1,-1,-1,-1
"Senior Data Scientist, Advanced Analytics / AI CoE",-1,-1,"Fidelity Investments
4.2","Boston, MA",-1,-1,-1,-1,-1,-1
"Senior Data Scientist, Advanced Analytics / AI CoE",-1,-1,"Fidelity Investments
4.2","Boston, MA",-1,-1,-1,-1,-1,-1
"Senior Data Scientist, Advanced Analytics / AI CoE",-1,-1,"Fidelity Investments
4.2","Boston, MA",-1,-1,-1,-1,-1,-1
"Senior Data Scientist, Advanced Analytics / AI CoE",-1,-1,"Fidelity Investments
4.2","Boston, MA",-1,-1,-1,-1,-1,-1
"Senior Data Scientist, Advanced Analytics / AI CoE",-1,-1,"Fidelity Investments
4.2","Boston, MA",-1,-1,-1,-1,-1,-1
"Senior Data Scientist, Advanced Analytics / AI CoE",-1,-1,"Fidelity Investments
4.2","Boston, MA",-1,-1,-1,-1,-1,-1
"Senior Data Scientist, Advanced Analytics / AI CoE",-1,-1,"Fidelity Investments
4.2","Boston, MA",-1,-1,-1,-1,-1,-1
"Senior Data Scientist, Advanced Analytics / AI CoE",-1,-1,"Fidelity Investments
4.2","Boston, MA",-1,-1,-1,-1,-1,-1
"Senior Data Scientist, Advanced Analytics / AI CoE",-1,-1,"Fidelity Investments
4.2","Boston, MA",-1,-1,-1,-1,-1,-1
"Senior Data Scientist, Advanced Analytics / AI CoE",-1,-1,"Fidelity Investments
4.2","Boston, MA",-1,-1,-1,-1,-1,-1
"Senior Data Scientist, Advanced Analytics / AI CoE",-1,-1,"Fidelity Investments
4.2","Boston, MA",-1,-1,-1,-1,-1,-1
"Senior Data Scientist, Advanced Analytics / AI CoE",-1,-1,"Fidelity Investments
4.2","Boston, MA",-1,-1,-1,-1,-1,-1
"Senior Data Scientist, Advanced Analytics / AI CoE",-1,-1,"Fidelity Investments
4.2","Boston, MA",-1,-1,-1,-1,-1,-1
"Senior Data Scientist, Advanced Analytics / AI CoE",-1,-1,"Fidelity Investments
4.2","Boston, MA",-1,-1,-1,-1,-1,-1
"Senior Data Scientist, Advanced Analytics / AI CoE",-1,-1,"Fidelity Investments
4.2","Boston, MA",-1,-1,-1,-1,-1,-1
"Senior Data Scientist, Advanced Analytics / AI CoE",-1,-1,"Fidelity Investments
4.2","Boston, MA",-1,-1,-1,-1,-1,-1
"Senior Data Scientist, Advanced Analytics / AI CoE",-1,-1,"Fidelity Investments
4.2","Boston, MA",-1,-1,-1,-1,-1,-1
"Senior Data Scientist, Advanced Analytics / AI CoE",-1,-1,"Fidelity Investments
4.2","Boston, MA",-1,-1,-1,-1,-1,-1
"Senior Data Scientist, Advanced Analytics / AI CoE",-1,-1,"Fidelity Investments
4.2","Boston, MA",-1,-1,-1,-1,-1,-1
"Senior Data Scientist, Advanced Analytics / AI CoE",-1,-1,"Fidelity Investments
4.2","Boston, MA",-1,-1,-1,-1,-1,-1
"Senior Data Scientist, Advanced Analytics / AI CoE",-1,-1,"Fidelity Investments
4.2","Boston, MA",-1,-1,-1,-1,-1,-1
"Senior Data Scientist, Advanced Analytics / AI CoE",-1,-1,"Fidelity Investments
4.2","Boston, MA",-1,-1,-1,-1,-1,-1
"Senior Data Scientist, Advanced Analytics / AI CoE",-1,-1,"Fidelity Investments
4.2","Boston, MA",-1,-1,-1,-1,-1,-1
"Senior Data Scientist, Advanced Analytics / AI CoE",-1,-1,"Fidelity Investments
4.2","Boston, MA",-1,-1,-1,-1,-1,-1
"Senior Data Scientist, Advanced Analytics / AI CoE",-1,-1,"Fidelity Investments
4.2","Boston, MA",-1,-1,-1,-1,-1,-1
"Senior Data Scientist, Advanced Analytics / AI CoE",-1,-1,"Fidelity Investments
4.2","Boston, MA",-1,-1,-1,-1,-1,-1
"Senior Data Scientist, Advanced Analytics / AI CoE",-1,-1,"Fidelity Investments
4.2","Boston, MA",-1,-1,-1,-1,-1,-1
"Senior Data Scientist, Advanced Analytics / AI CoE",-1,-1,"Fidelity Investments
4.2","Boston, MA",-1,-1,-1,-1,-1,-1
"Senior Data Scientist, Advanced Analytics / AI CoE",-1,-1,"Fidelity Investments
4.2","Boston, MA",-1,-1,-1,-1,-1,-1
"Senior Data Scientist, Advanced Analytics / AI CoE",-1,-1,"Fidelity Investments
4.2","Boston, MA",-1,-1,-1,-1,-1,-1
"Senior Data Scientist, Advanced Analytics / AI CoE",-1,-1,"Fidelity Investments
4.2","Boston, MA",-1,-1,-1,-1,-1,-1
"Senior Data Scientist, Advanced Analytics / AI CoE",-1,-1,"Fidelity Investments
4.2","Boston, MA",-1,-1,-1,-1,-1,-1
"Senior Data Scientist, Advanced Analytics / AI CoE",-1,-1,"Fidelity Investments
4.2","Boston, MA",-1,-1,-1,-1,-1,-1
"Senior Data Scientist, Advanced Analytics / AI CoE",-1,-1,"Fidelity Investments
4.2","Boston, MA",-1,-1,-1,-1,-1,-1
"Senior Data Scientist, Advanced Analytics / AI CoE",-1,-1,"Fidelity Investments
4.2","Boston, MA",-1,-1,-1,-1,-1,-1
"Senior Data Scientist, Advanced Analytics / AI CoE",-1,-1,"Fidelity Investments
4.2","Boston, MA",-1,-1,-1,-1,-1,-1
"Senior Data Scientist, Advanced Analytics / AI CoE",-1,-1,"Fidelity Investments
4.2","Boston, MA",-1,-1,-1,-1,-1,-1
"Senior Data Scientist, Advanced Analytics / AI CoE",-1,-1,"Fidelity Investments
4.2","Boston, MA",-1,-1,-1,-1,-1,-1
"Senior Data Scientist, Advanced Analytics / AI CoE",-1,-1,"Fidelity Investments
4.2","Boston, MA",-1,-1,-1,-1,-1,-1
"Senior Data Scientist, Advanced Analytics / AI CoE",-1,-1,"Fidelity Investments
4.2","Boston, MA",-1,-1,-1,-1,-1,-1
"Senior Data Scientist, Advanced Analytics / AI CoE",-1,-1,"Fidelity Investments
4.2","Boston, MA",-1,-1,-1,-1,-1,-1
"Senior Data Scientist, Advanced Analytics / AI CoE",-1,-1,"Fidelity Investments
4.2","Boston, MA",-1,-1,-1,-1,-1,-1
"Senior Data Scientist, Advanced Analytics / AI CoE",-1,-1,"Fidelity Investments
4.2","Boston, MA",-1,-1,-1,-1,-1,-1
"Senior Data Scientist, Advanced Analytics / AI CoE",-1,-1,"Fidelity Investments
4.2","Boston, MA",-1,-1,-1,-1,-1,-1
"Senior Data Scientist, Advanced Analytics / AI CoE",-1,-1,"Fidelity Investments
4.2","Boston, MA",-1,-1,-1,-1,-1,-1
"Senior Data Scientist, Advanced Analytics / AI CoE",-1,-1,"Fidelity Investments
4.2","Boston, MA",-1,-1,-1,-1,-1,-1
"Senior Data Scientist, Advanced Analytics / AI CoE",-1,-1,"Fidelity Investments
4.2","Boston, MA",-1,-1,-1,-1,-1,-1
"Senior Data Scientist, Advanced Analytics / AI CoE",-1,-1,"Fidelity Investments
4.2","Boston, MA",-1,-1,-1,-1,-1,-1
"Senior Data Scientist, Advanced Analytics / AI CoE",-1,-1,"Fidelity Investments
4.2","Boston, MA",-1,-1,-1,-1,-1,-1
"Senior Data Scientist, Advanced Analytics / AI CoE",-1,-1,"Fidelity Investments
4.2","Boston, MA",-1,-1,-1,-1,-1,-1
"Senior Data Scientist, Advanced Analytics / AI CoE",-1,-1,"Fidelity Investments
4.2","Boston, MA",-1,-1,-1,-1,-1,-1
"Senior Data Scientist, Advanced Analytics / AI CoE",-1,-1,"Fidelity Investments
4.2","Boston, MA",-1,-1,-1,-1,-1,-1
"Senior Data Scientist, Advanced Analytics / AI CoE",-1,-1,"Fidelity Investments
4.2","Boston, MA",-1,-1,-1,-1,-1,-1
"Senior Data Scientist, Advanced Analytics / AI CoE",-1,-1,"Fidelity Investments
4.2","Boston, MA",-1,-1,-1,-1,-1,-1
"Senior Data Scientist, Advanced Analytics / AI CoE",-1,-1,"Fidelity Investments
4.2","Boston, MA",-1,-1,-1,-1,-1,-1
"Senior Data Scientist, Advanced Analytics / AI CoE",-1,-1,"Fidelity Investments
4.2","Boston, MA",-1,-1,-1,-1,-1,-1
"Senior Data Scientist, Advanced Analytics / AI CoE",-1,-1,"Fidelity Investments
4.2","Boston, MA",-1,-1,-1,-1,-1,-1
